Substitution,Number_of_mutations
A[C>A]A,3773795
A[C>A]C,5223404
A[C>A]G,4560976
A[C>A]T,6081602
C[C>A]A,8579096
C[C>A]C,4586207
C[C>A]G,18067568
C[C>A]T,9104651
G[C>A]A,2841398
G[C>A]C,2048128
G[C>A]G,9534091
G[C>A]T,2170825
T[C>A]A,4564663
T[C>A]C,3822967
T[C>A]G,5070796
T[C>A]T,4118081
A[C>G]A,1075402
A[C>G]C,308511
A[C>G]G,469512
A[C>G]T,753709
C[C>G]A,1000000
C[C>G]C,551724
C[C>G]G,405405
C[C>G]T,947674
G[C>G]A,349462
G[C>G]C,208556
G[C>G]G,4863636
G[C>G]T,485605
T[C>G]A,1123862
T[C>G]C,751196
T[C>G]G,831858
T[C>G]T,5186347
A[C>T]A,93927070
A[C>T]C,66864362
A[C>T]G,104024390
A[C>T]T,87109792
C[C>T]A,67014124
C[C>T]C,58431034
C[C>T]G,103364865
C[C>T]T,65694767
G[C>T]A,56212366
G[C>T]C,49048128
G[C>T]G,83352273
G[C>T]T,66414587
T[C>T]A,81242259
T[C>T]C,85909091
T[C>T]G,151964602
T[C>T]T,90090406
A[T>A]A,891720
A[T>A]C,1038348
A[T>A]G,2040000
A[T>A]T,548512
C[T>A]A,1210339
C[T>A]C,3104530
C[T>A]G,5606061
C[T>A]T,1397019
G[T>A]A,272921
G[T>A]C,282528
G[T>A]G,797101
G[T>A]T,610000
T[T>A]A,1914384
T[T>A]C,1293436
T[T>A]G,3733170
T[T>A]T,751992
A[T>C]A,33949045
A[T>C]C,30690265
A[T>C]G,16880000
A[T>C]T,18917206
C[T>C]A,11245989
C[T>C]C,13958188
C[T>C]G,11016162
C[T>C]T,8649051
G[T>C]A,7285714
G[T>C]C,8542751
G[T>C]G,8289855
G[T>C]T,8290000
T[T>C]A,9181507
T[T>C]C,12554054
T[T>C]G,9059976
T[T>C]T,9659363
A[T>G]A,4560510
A[T>G]C,2584071
A[T>G]G,697931
A[T>G]T,1843467
C[T>G]A,465241
C[T>G]C,3648084
C[T>G]G,2038384
C[T>G]T,2275068
G[T>G]A,187633
G[T>G]C,1353160
G[T>G]G,724638
G[T>G]T,1092857
T[T>G]A,445205
T[T>G]C,2523166
T[T>G]G,1044064
T[T>G]T,1361554
A[G>T]A,12971901
A[G>T]C,15249169
A[G>T]G,18300912
A[G>T]T,18980276
C[G>T]A,17894737
C[G>T]C,21886598
C[G>T]G,23710526
C[G>T]T,24847953
G[G>T]A,9507092
G[G>T]C,12721973
G[G>T]G,10977612
G[G>T]T,9257709
T[G>T]A,9080952
T[G>T]C,14453382
T[G>T]G,12072202
T[G>T]T,12773893
A[G>C]A,14566942
A[G>C]C,830565
A[G>C]G,990881
A[G>C]T,2157791
C[G>C]A,4347368
C[G>C]C,1226804
C[G>C]G,1197368
C[G>C]T,4526316
G[G>C]A,1304965
G[G>C]C,556054
G[G>C]G,313433
G[G>C]T,473568
T[G>C]A,2614286
T[G>C]C,1202925
T[G>C]G,1077617
T[G>C]T,2561772
A[G>A]A,12857851
A[G>A]C,18372093
A[G>A]G,25589666
A[G>A]T,12136095
C[G>A]A,28421053
C[G>A]C,43113402
C[G>A]G,43473684
C[G>A]T,33836257
G[G>A]A,13780142
G[G>A]C,16121076
G[G>A]G,20992537
G[G>A]T,8795154
T[G>A]A,6985714
T[G>A]C,8709324
T[G>A]G,13205776
T[G>A]T,11242424
A[A>T]A,1099675
A[A>T]C,443902
A[A>T]G,1451724
A[A>T]T,2621551
C[A>T]A,4162162
C[A>T]C,1296296
C[A>T]G,6447489
C[A>T]T,2964876
G[A>T]A,1362617
G[A>T]C,444118
G[A>T]G,1727273
G[A>T]T,1177273
T[A>T]A,937413
T[A>T]C,502463
T[A>T]G,1407494
T[A>T]T,1315113
A[A>G]A,7361863
A[A>G]C,11572358
A[A>G]G,20229310
A[A>G]T,11022339
C[A>G]A,7243243
C[A>G]C,8235294
C[A>G]G,12356164
C[A>G]T,13105372
G[A>G]A,5760748
G[A>G]C,6314706
G[A>G]G,9259259
G[A>G]T,16163636
T[A>G]A,6191933
T[A>G]C,6367816
T[A>G]G,16894614
T[A>G]T,18385852
A[A>C]A,1253521
A[A>C]C,944715
A[A>C]G,3331034
A[A>C]T,2319317
C[A>C]A,1064011
C[A>C]C,718954
C[A>C]G,1878995
C[A>C]T,4729339
G[A>C]A,2684112
G[A>C]C,1023529
G[A>C]G,5053872
G[A>C]T,2611364
T[A>C]A,361613
T[A>C]C,180624
T[A>C]G,564403
T[A>C]T,921222
